Video_Title,Video_PublishDate,Video_Views,Video_Likes,Video_Comments
Oliver Tree - Cowboy Tears: One Last Ride [Tour Trailer],2022-06-02T16:19:35Z,211975,3409,392
Oliver Tree - I Hate You [Lyric Video],2022-05-20T04:00:06Z,2119472,30733,2140
Oliver Tree - Swing & A Miss [Music Video],2022-02-18T05:01:56Z,5221308,89576,5006
Oliver Tree - Cowboy Tears [Lyric Video],2022-02-18T05:01:44Z,734235,13290,644
Oliver Tree - The Villain [Lyric Video],2022-02-18T05:01:40Z,434161,7154,383
Oliver Tree - Playing With Fire [Lyric Video],2022-02-18T05:01:34Z,566578,9876,535
Oliver Tree - Get Well Soon [Lyric Video],2022-02-18T05:01:30Z,580022,10023,592
Oliver Tree - California [Lyric Video],2022-02-18T05:01:25Z,341744,4791,384
Oliver Tree - Things We Used To Do [Lyric Video],2022-02-18T05:01:09Z,564628,9842,434
Oliver Tree - Balloon Boy [Lyric Video],2022-02-18T05:00:59Z,512652,8728,442
Oliver Tree - Cigarettes [Lyric Video],2022-02-18T05:00:54Z,858728,18290,900
Oliver Tree - Suitcase Full of Cash [Lyric Video],2022-02-18T05:00:49Z,413207,6213,296
Oliver Tree - Doormat [Lyric Video],2022-02-18T05:00:44Z,525574,9384,468
Oliver Tree - Freaks & Geeks [Lyric Video],2022-02-18T05:00:39Z,318128,5643,293
Oliver Tree - Swing & A Miss [Lyric Video],2022-02-18T05:00:35Z,405015,6880,436
Oliver Tree - Cowboys Don't Cry [Lyric Video],2022-02-18T05:00:28Z,523245,9717,432
Oliver Tree - Freaks & Geeks [Music Video],2022-02-03T17:00:16Z,6902225,120214,9153
Oliver Tree - Cowboys Don't Cry [Music Video],2022-01-12T17:00:43Z,25722966,383409,22164
I can’t release this song without your help,2022-01-02T23:53:02Z,2252856,69898,1479
Oliver Tree fights camera man during live performance,2022-01-01T22:12:32Z,886665,36898,1873
OLIVER TREE ALMOST DIES BACKFLIPPING A MOTORCYCLE (FULL DOCUMENTARY),2021-12-12T20:45:10Z,1203973,36503,2186
Oliver Tree - Life Goes On (Acoustic) [Official Music Video],2021-11-23T17:00:38Z,8056820,187779,7330
Oliver Tree - Life Goes On (feat. Ty Dolla $ign) [Lyric Video],2021-11-12T05:00:15Z,2201766,37328,1807
Oliver Tree & Little Big - The Internet [Music Video],2021-09-30T16:00:34Z,22793487,481685,20336
Oliver Tree & Little Big - Rampampam [Official Audio],2021-09-30T16:00:29Z,1229906,27788,1232
Oliver Tree & Little Big - You're Not There [Official Audio],2021-09-30T16:00:22Z,785062,18653,1079
Oliver Tree - Life Goes On [Lyric Video],2021-09-10T16:07:00Z,6290276,187913,6719
Oliver Tree - Life Goes On [Music Video],2021-05-28T16:00:12Z,213301411,4992727,145550
Oliver Tree - Every Type of Friend [Lyric Video],2021-05-28T04:01:36Z,2810706,68606,1683
Oliver Tree - When You're Around [Lyric Video],2021-05-28T04:01:32Z,1708579,42288,1060
Oliver Tree -  Lies Came Out My Mouth [Lyric Video],2021-05-28T04:01:24Z,1955191,50551,1842
Oliver Tree - Swimmer's Delight (SOS) [Lyric Video],2021-05-28T04:01:20Z,1226190,30636,1175
Oliver Tree - All in All [Lyric Video],2021-05-28T04:01:15Z,1381267,31823,1105
Oliver Tree - Out of Ordinary [Lyric Video],2021-02-05T05:00:11Z,3085567,85997,4243
LIFE GOES ON (LIVE ON THE LATE SHOW WITH STEPHEN COLBERT),2020-11-04T02:28:06Z,13757372,391299,9838
Oliver Tree - Cash Machine (Remix) feat. Dillon Francis & grandson [Lyric Video],2020-09-11T04:00:29Z,2016299,59653,2941
I competed against the #1 scooter rider in the world (Oliver Tree vs. Ryan Williams),2020-09-03T00:44:40Z,6247719,182849,9292
How I lost 15 Pounds (World’s Easiest Diet),2020-08-17T17:01:30Z,5005490,223160,12570
Oliver Tree - Let Me Down (feat. blink-182) [Lyric Video],2020-07-24T04:04:50Z,4893898,124537,4796
Oliver Tree - I'm Gone [Music Video],2020-07-24T00:50:21Z,22091481,482279,16367
Oliver Tree Crashes The World’s Biggest Scooter,2020-07-17T16:53:48Z,5222675,195529,10981
Oliver Tree - Jerk [Lyric Video],2020-07-17T04:13:41Z,9907329,184255,4378
Oliver Tree - Waste My Time [Lyric Video],2020-07-17T04:09:29Z,2887129,49349,1284
Oliver Tree - Joke's On You! [Lyric Video],2020-07-17T04:09:29Z,4038746,85914,2203
Oliver Tree - Bury Me Alive [Lyric Video],2020-07-17T04:09:19Z,1638845,32836,748
Oliver Tree - 1993 (feat. Little Ricky ZR3) [Lyric Video],2020-07-17T04:09:05Z,6746164,111580,4602
Oliver Tree - Introspective [Lyric Video],2020-07-17T04:09:05Z,1382378,26691,975
Oliver Tree - Hurt [Lyric Video],2020-07-17T04:09:05Z,6447530,96881,1471
Oliver Tree - Alien Boy [Lyric Video],2020-07-17T04:09:05Z,3611117,71843,1382
Oliver Tree - Let Me Down [Lyric Video],2020-07-17T04:09:05Z,1748556,40236,963
"Oliver Tree - Me, Myself & I [Lyric Video]",2020-07-17T04:09:05Z,6889785,106564,2747
Oliver Tree - Cash Machine [Lyric Video],2020-07-17T04:09:05Z,2261406,33601,725
Oliver Tree - I'm Gone [Lyric Video],2020-07-17T04:09:05Z,3621833,67918,1922
Oliver Tree - Miracle Man [Lyric Video],2020-07-17T04:09:05Z,2181360,36345,586
Oliver Tree - Again & Again [Lyric Video],2020-07-17T04:09:05Z,4470928,64707,2045
Oliver Tree - Bury Me Alive (Official Unofficial Music Video),2020-05-26T16:00:08Z,13496648,326819,21374
Oliver Tree - Let Me Down [Official Music Video],2020-04-07T16:00:11Z,40863941,1051967,31079
Oliver Tree - Cash Machine [Official Music Video],2019-12-06T17:00:22Z,28481439,539413,17190
Oliver Tree & Whethan - Do You Feel Me? [Official Lyric Video],2019-08-21T19:05:06Z,2417419,54510,1844
Oliver Tree - All Bets Are Off [Official Audio],2019-08-02T04:07:28Z,2480657,57928,3007
Oliver Tree - Introspective [Official Audio],2019-08-02T04:07:27Z,3717496,83854,3286
Oliver Tree - Miracle Man [Official Music Video],2019-06-07T17:09:20Z,38969459,658083,18038
Oliver Tree - Fuck [Official Music Video],2019-04-12T04:42:53Z,9698863,287921,18809
"Oliver Tree - How to Make a $1,000,000 Music Video (Hurt Music Video) [Behind The Scenes]",2019-01-09T23:36:06Z,4420049,151411,8712
Oliver Tree - Hurt [Official Music Video],2018-12-07T18:04:59Z,54854417,1356765,57847
Oliver Tree - Hurt [Official Audio],2018-12-07T05:00:04Z,2073338,37723,1334
Oliver Tree - Alien Boy [Official Lyric Video],2018-10-29T17:03:19Z,8781495,243572,5651
Oliver Tree - All That x Alien Boy (Music Video) [Behind The Scenes],2018-10-17T22:44:30Z,937837,24441,1059
Oliver Tree - Alien Boy (Big Data Remix) [Official Audio],2018-10-05T18:15:00Z,640862,17318,
Oliver Tree - Alien Boy [Official Audio],2018-09-06T20:01:11Z,35321343,542604,
MTV Cribs: Oliver Tree's $17 Million Dollar Mansion (2018),2018-08-22T19:07:57Z,3126262,66724,2064
Oliver Tree’s Debut Tour Disaster (FULL MOVIE 2018),2018-08-01T19:02:17Z,680114,18098,1785
Oliver Tree's Life Story,2018-07-11T23:57:17Z,2950009,83490,1590
Oliver Tree hits the Roof Top Death Gap,2018-06-06T18:29:15Z,5280723,152915,2530
Oliver Tree - Movement [Hot Cheetos Bath Challenge],2018-05-11T18:53:59Z,2660944,85172,2531
Oliver Tree - Movement [Official Audio],2018-05-11T04:01:32Z,9200744,126984,3952
Oliver Tree - All That x Alien Boy [Official Music Video],2018-02-16T17:00:16Z,41875197,725653,22737
Oliver Tree Scooter Pro,2018-01-15T19:30:15Z,1731615,46954,1240
Oliver Tree - Upside Down [Official Audio],2018-01-05T05:12:51Z,2603338,32208,1427
Oliver Tree & Whethan - Enemy [Official Audio],2017-09-27T16:51:36Z,4804492,63237,1703
Oliver Tree - Cheapskate [Official Audio],2017-07-20T21:39:14Z,4452199,56864,1370
Oliver Tree - All I Got [Official Audio],2017-05-26T04:05:50Z,6655147,86794,2332
Oliver Tree - Welcome To LA [Official Audio],2017-05-26T04:05:50Z,4081638,55610,1915
